item1_id,item2_id,item1_text,item2_text,item1_valence,item2_valence,item1_arousal,item2_arousal,item1_dominance,item2_dominance,valence_human_1,valence_human_2,valence_human_3,arousal_human_1,arousal_human_2,arousal_human_3,dominance_human_1,dominance_human_2,dominance_human_3
SemEval_763,hotel-california_33157_33182,Secret hotels in Irish countryside,Our instinct was to hide.,2.86,2.8,3.0,3.1,2.86,2.8,Text1,Text1,Text1,Text2,Text1,Text1,Text2,Text1,Text1
SemEval_1155,blog-new-year's-resolutions_1573_1737,Microsoft to release next generation phone,An important premise to note here is the idea that the probability of choosing a goal or making a resolution increases if a person thinks that goal can be attained.,3.36,3.1,3.0,3.3,3.27,3.2,Text1,Text2,Text1,Text2,Text2,Text1,Text1,Text1,Text1
Nathans_Bylichka_45926_45965,How_soon-Lebron-James_2193_2304,"Isis collapsed on the fur, strings cut.","I'm no longer the target demographic for most of the products Lebron endorses, but you know what matters to me?",2.6,2.7,3.4,3.3,3.1,2.9,Text2,Text2,Text2,Text2,Text1,Text1,Text1,Text1,Text2
Ant_Robot_19422_19434,Nathans_Bylichka_15318_15334,The Behavior,"“Thanks, Dvorov.",3.0,3.56,2.78,3.0,3.0,3.22,Text2,Text2,Text1,Text2,Text1,Text1,Text2,Text2,Text2
detroit_12208_12263,blog-new-year's-resolutions_1573_1737,"Did we build sane, sustainable, survival shelter homes?",An important premise to note here is the idea that the probability of choosing a goal or making a resolution increases if a person thinks that goal can be attained.,3.1,3.1,3.0,3.3,3.1,3.2,Text2,Text1,Text2,Text2,Text1,Text2,Text1,Text2,Text1
detroit_12208_12263,How_soon-Lebron-James_2193_2304,"Did we build sane, sustainable, survival shelter homes?","I'm no longer the target demographic for most of the products Lebron endorses, but you know what matters to me?",3.1,2.7,3.0,3.3,3.1,2.9,Text1,Text1,Text1,Text2,Text2,Text2,Text1,Text1,Text1
Ant_Robot_19422_19434,hotel-california_33157_33182,The Behavior,Our instinct was to hide.,3.0,2.8,2.78,3.1,3.0,2.8,Text1,Text1,Text2,Text2,Text1,Text2,Text1,Text1,Text1
Nathans_Bylichka_15318_15334,captured_moments_5085_5254,"“Thanks, Dvorov.","Her lower lip (a trifle too narrow for her face, perhaps her only physical flaw) thrust forward slightly as she started to speak.",3.56,3.29,3.0,3.29,3.22,3.43,Text1,Text1,Text1,Text2,Text2,Text1,Text2,Text2,Text1
captured_moments_33844_33911,captured_moments_5085_5254,"I heard no voices until Malaquez said, ""Enter.""","Her lower lip (a trifle too narrow for her face, perhaps her only physical flaw) thrust forward slightly as she started to speak.",2.9,3.29,2.9,3.29,2.9,3.43,Text1,Text2,Text2,Text2,Text2,Text1,Text2,Text2,Text2
Uprooted_Farming-on-Sand_3238_3353,hotel-california_25973_25999,"Provincetown's official population of 3,500 supports a tourism industry that serves millions of visitors each year.",No one else said anything.,3.14,2.82,3.0,2.55,3.43,3.09,Text1,Text1,Text2,Text1,Text1,Text1,Text1,Text1,Text1
blog-new-year's-resolutions_1573_1737,602CZL285_86_259,An important premise to note here is the idea that the probability of choosing a goal or making a resolution increases if a person thinks that goal can be attained.,Pat LaCrosse asked me to send this information inviting you to join the Georgia O'Keeffe Circle of the Indianapolis Museum of Art's Second Century Society (SCS).,3.1,3.5,3.3,3.0,3.2,3.17,Text2,Text2,Text2,Text1,Text1,Text1,Text1,Text1,Text2
116CUL034_2074_2422,SemEval_1154,"Since its re-organization, MCCOY has established its unique niche within the community by refraining from direct service programming and focusing on what it does best: helping to identify youth needs, convening groups of individuals and organizations which can address those needs, and moving toward collaborative solutions.",Audio Slide Show: A love story lasting 61 years,3.5,3.2,3.13,2.9,3.12,3.0,Text2,Text2,Text1,Text1,Text1,Text1,Text1,Text1,Text1
blog-new-year's-resolutions_1573_1737,116CUL034_2074_2422,An important premise to note here is the idea that the probability of choosing a goal or making a resolution increases if a person thinks that goal can be attained.,"Since its re-organization, MCCOY has established its unique niche within the community by refraining from direct service programming and focusing on what it does best: helping to identify youth needs, convening groups of individuals and organizations which can address those needs, and moving toward collaborative solutions.",3.1,3.5,3.3,3.13,3.2,3.12,Text2,Text1,Text2,Text1,Text1,Text1,Text1,Text1,Text1
Ant_Robot_19422_19434,hsus4_4933_5015,The Behavior,"REGISTRATION DOES NOT IMPLY ENDORSEMENT, APPROVAL, OR RECOMMENDATION BY THE STATE.",3.0,2.8,2.78,2.8,3.0,3.1,Text1,Text1,Text1,Text2,Text2,Text1,Text1,Text1,Text2
113CWL018_952_1022,hotel-california_33157_33182,Your contribution last year of helped us get where we are today.,Our instinct was to hide.,3.9,2.8,3.1,3.1,3.4,2.8,Text1,Text1,Text2,Text2,Text2,Text1,Text1,Text1,Text1
hotel-california_25973_25999,NYTnewswire4_3018_3182,No one else said anything.,"You're a focal point, and people are looking at you, but it's a team game, and you depend on your team 1,000 times more than that billboard to get you the Heisman.""",2.82,3.37,2.55,3.63,3.09,3.25,Text2,Text2,Text2,Text2,Text2,Text2,Text2,Text2,Text2
detroit_12208_12263,captured_moments_33844_33911,"Did we build sane, sustainable, survival shelter homes?","I heard no voices until Malaquez said, ""Enter.""",3.1,2.9,3.0,2.9,3.1,2.9,Text1,Text2,Text1,Text1,Text2,Text2,Text1,Text1,Text2
Anti-Terrorist_4031_4279,SemEval_1154,"Beyond these two sources, there is virtually no terrorist activity in the world, with the possible exception of localized disputes such as in Northern Ireland and occasional domestic episodes in various places involving isolated disaffected groups.",Audio Slide Show: A love story lasting 61 years,2.92,3.2,3.0,2.9,2.91,3.0,Text2,Text2,Text2,Text1,Text1,Text2,Text2,Text2,Text2
blog-new-year's-resolutions_1573_1737,118CWL050_2436_2656,An important premise to note here is the idea that the probability of choosing a goal or making a resolution increases if a person thinks that goal can be attained.,"Will you make a financial gift to Big Sisters in 1999 that will ensure that more young people receive the guidance they need, that more young people stay in school, stay off drugs and make good choices?",3.1,3.0,3.3,3.0,3.2,3.0,Text1,Text1,Text2,Text1,Text1,Text2,Text2,Text1,Text1
SemEval_597,blog-new-year's-resolutions_1573_1737,Stenson defends his title at Dubai,An important premise to note here is the idea that the probability of choosing a goal or making a resolution increases if a person thinks that goal can be attained.,3.12,3.1,3.12,3.3,3.12,3.2,Text2,Text1,Text2,Text2,Text1,Text2,Text2,Text2,Text1
116CUL034_796_978,Anti-Terrorist_4031_4279,"We have met with a number of successes along the way, most notably the Summer Fun Line, the Metro Summer Bus Pass, and the development of ten neighborhood youth councils.","Beyond these two sources, there is virtually no terrorist activity in the world, with the possible exception of localized disputes such as in Northern Ireland and occasional domestic episodes in various places involving isolated disaffected groups.",3.2,2.92,3.0,3.0,3.5,2.91,Text1,Text2,Text1,Text2,Text1,Text2,Text1,Text1,Text1
NYTnewswire7_3260_3393,blog-new-year's-resolutions_5010_5074,"""We are also taking a real hard look currently at almost all species of shark, though we haven't made a formal statement about that.""",Self-efficacy did not have a significant effect on goal-setting.,3.0,2.9,3.0,3.0,3.12,3.1,Text1,Text2,Text1,Text2,Text2,Text1,Text1,Text1,Text1
SemEval_1155,SemEval_597,Microsoft to release next generation phone,Stenson defends his title at Dubai,3.36,3.12,3.0,3.12,3.27,3.12,Text1,Text1,Text1,Text1,Text1,Text2,Text1,Text2,Text2
Nathans_Bylichka_45926_45965,116CUL034_2074_2422,"Isis collapsed on the fur, strings cut.","Since its re-organization, MCCOY has established its unique niche within the community by refraining from direct service programming and focusing on what it does best: helping to identify youth needs, convening groups of individuals and organizations which can address those needs, and moving toward collaborative solutions.",2.6,3.5,3.4,3.13,3.1,3.12,Text2,Text1,Text2,Text1,Text1,Text1,Text2,Text2,Text1
SemEval_1155,113CWL018_952_1022,Microsoft to release next generation phone,Your contribution last year of helped us get where we are today.,3.36,3.9,3.0,3.1,3.27,3.4,Text2,Text2,Text2,Text2,Text2,Text2,Text1,Text2,Text1
SemEval_1155,hsus4_4933_5015,Microsoft to release next generation phone,"REGISTRATION DOES NOT IMPLY ENDORSEMENT, APPROVAL, OR RECOMMENDATION BY THE STATE.",3.36,2.8,3.0,2.8,3.27,3.1,Text1,Text1,Text1,Text1,Text1,Text1,Text1,Text1,Text1
Nathans_Bylichka_29483_29506,blog-new-year's-resolutions_1573_1737,"“Roll up your sleeves,”",An important premise to note here is the idea that the probability of choosing a goal or making a resolution increases if a person thinks that goal can be attained.,3.0,3.1,3.4,3.3,3.4,3.2,Text2,Text2,Text1,Text2,Text1,Text2,Text1,Text1,Text1
Nathans_Bylichka_38817_38837,hotel-california_33157_33182,“Didn’t I warn you?”,Our instinct was to hide.,2.44,2.8,3.33,3.1,3.33,2.8,Text2,Text1,Text2,Text1,Text1,Text1,Text1,Text1,Text1
The_Black_Willow_11596_11663,602CZL285_86_259,"Allan crouched over his desk once more, pen in hand and mind blank.",Pat LaCrosse asked me to send this information inviting you to join the Georgia O'Keeffe Circle of the Indianapolis Museum of Art's Second Century Society (SCS).,2.7,3.5,3.0,3.0,2.8,3.17,Text2,Text2,Text2,Text2,Text2,Text2,Text2,Text1,Text2
SemEval_763,116CUL034_796_978,Secret hotels in Irish countryside,"We have met with a number of successes along the way, most notably the Summer Fun Line, the Metro Summer Bus Pass, and the development of ten neighborhood youth councils.",2.86,3.2,3.0,3.0,2.86,3.5,Text2,Text1,Text2,Text2,Text2,Text2,Text2,Text2,Text2
113CWL018_952_1022,hsus4_4933_5015,Your contribution last year of helped us get where we are today.,"REGISTRATION DOES NOT IMPLY ENDORSEMENT, APPROVAL, OR RECOMMENDATION BY THE STATE.",3.9,2.8,3.1,2.8,3.4,3.1,Text1,Text1,Text1,Text1,Text1,Text1,Text1,Text1,Text1
Nathans_Bylichka_15318_15334,captured_moments_33844_33911,"“Thanks, Dvorov.","I heard no voices until Malaquez said, ""Enter.""",3.56,2.9,3.0,2.9,3.22,2.9,Text1,Text1,Text1,Text1,Text2,Text1,Text2,Text1,Text1
116CUL034_796_978,SemEval_1154,"We have met with a number of successes along the way, most notably the Summer Fun Line, the Metro Summer Bus Pass, and the development of ten neighborhood youth councils.",Audio Slide Show: A love story lasting 61 years,3.2,3.2,3.0,2.9,3.5,3.0,Text2,Text2,Text1,Text2,Text1,Text1,Text1,Text1,Text1
How_soon-Lebron-James_2193_2304,captured_moments_33844_33911,"I'm no longer the target demographic for most of the products Lebron endorses, but you know what matters to me?","I heard no voices until Malaquez said, ""Enter.""",2.7,2.9,3.3,2.9,2.9,2.9,Text2,Text2,Text1,Text2,Text1,Text1,Text2,Text2,Text2
The_Black_Willow_11596_11663,116CUL034_2074_2422,"Allan crouched over his desk once more, pen in hand and mind blank.","Since its re-organization, MCCOY has established its unique niche within the community by refraining from direct service programming and focusing on what it does best: helping to identify youth needs, convening groups of individuals and organizations which can address those needs, and moving toward collaborative solutions.",2.7,3.5,3.0,3.13,2.8,3.12,Text2,Text2,Text2,Text2,Text2,Text1,Text1,Text2,Text2
NYTnewswire7_3260_3393,blog-new-year's-resolutions_1573_1737,"""We are also taking a real hard look currently at almost all species of shark, though we haven't made a formal statement about that.""",An important premise to note here is the idea that the probability of choosing a goal or making a resolution increases if a person thinks that goal can be attained.,3.0,3.1,3.0,3.3,3.12,3.2,Text2,Text2,Text1,Text2,Text2,Text2,Text2,Text2,Text1
hotel-california_33157_33182,118CWL050_2436_2656,Our instinct was to hide.,"Will you make a financial gift to Big Sisters in 1999 that will ensure that more young people receive the guidance they need, that more young people stay in school, stay off drugs and make good choices?",2.8,3.0,3.1,3.0,2.8,3.0,Text2,Text2,Text2,Text1,Text1,Text2,Text2,Text2,Text1
The_Black_Willow_11596_11663,118CWL050_2436_2656,"Allan crouched over his desk once more, pen in hand and mind blank.","Will you make a financial gift to Big Sisters in 1999 that will ensure that more young people receive the guidance they need, that more young people stay in school, stay off drugs and make good choices?",2.7,3.0,3.0,3.0,2.8,3.0,Text2,Text1,Text1,Text2,Text2,Text2,Text1,Text2,Text2
116CUL034_796_978,Ant_Robot_19422_19434,"We have met with a number of successes along the way, most notably the Summer Fun Line, the Metro Summer Bus Pass, and the development of ten neighborhood youth councils.",The Behavior,3.2,3.0,3.0,2.78,3.5,3.0,Text1,Text1,Text1,Text1,Text1,Text2,Text1,Text1,Text1
How_soon-Lebron-James_2193_2304,hsus4_4933_5015,"I'm no longer the target demographic for most of the products Lebron endorses, but you know what matters to me?","REGISTRATION DOES NOT IMPLY ENDORSEMENT, APPROVAL, OR RECOMMENDATION BY THE STATE.",2.7,2.8,3.3,2.8,2.9,3.1,Text2,Text2,Text1,Text2,Text1,Text2,Text2,Text2,Text2
The_Black_Willow_11596_11663,NYTnewswire4_3018_3182,"Allan crouched over his desk once more, pen in hand and mind blank.","You're a focal point, and people are looking at you, but it's a team game, and you depend on your team 1,000 times more than that billboard to get you the Heisman.""",2.7,3.37,3.0,3.63,2.8,3.25,Text2,Text2,Text2,Text2,Text2,Text2,Text2,Text2,Text2
blog-new-year's-resolutions_1573_1737,SemEval_1154,An important premise to note here is the idea that the probability of choosing a goal or making a resolution increases if a person thinks that goal can be attained.,Audio Slide Show: A love story lasting 61 years,3.1,3.2,3.3,2.9,3.2,3.0,Text1,Text1,Text1,Text1,Text1,Text2,Text1,Text1,Text2
SemEval_597,hsus4_4933_5015,Stenson defends his title at Dubai,"REGISTRATION DOES NOT IMPLY ENDORSEMENT, APPROVAL, OR RECOMMENDATION BY THE STATE.",3.12,2.8,3.12,2.8,3.12,3.1,Text1,Text1,Text2,Text1,Text1,Text1,Text1,Text1,Text2
blog-new-year's-resolutions_1573_1737,Nathans_Bylichka_38817_38837,An important premise to note here is the idea that the probability of choosing a goal or making a resolution increases if a person thinks that goal can be attained.,“Didn’t I warn you?”,3.1,2.44,3.3,3.33,3.2,3.33,Text1,Text1,Text1,Text2,Text2,Text1,Text2,Text2,Text2
SemEval_1155,detroit_12208_12263,Microsoft to release next generation phone,"Did we build sane, sustainable, survival shelter homes?",3.36,3.1,3.0,3.0,3.27,3.1,Text1,Text1,Text1,Text2,Text1,Text2,Text1,Text1,Text1
wsj_2465_4206_4287,blog-new-year's-resolutions_1573_1737,Mr. Barco has refused U.S. troops or advisers but has accepted U.S. military aid.,An important premise to note here is the idea that the probability of choosing a goal or making a resolution increases if a person thinks that goal can be attained.,3.0,3.1,3.14,3.3,3.14,3.2,Text2,Text2,Text1,Text2,Text1,Text2,Text2,Text2,Text2
Nathans_Bylichka_29483_29506,hsus4_4933_5015,"“Roll up your sleeves,”","REGISTRATION DOES NOT IMPLY ENDORSEMENT, APPROVAL, OR RECOMMENDATION BY THE STATE.",3.0,2.8,3.4,2.8,3.4,3.1,Text1,Text1,Text1,Text1,Text1,Text1,Text1,Text1,Text2
116CUL034_2074_2422,captured_moments_5085_5254,"Since its re-organization, MCCOY has established its unique niche within the community by refraining from direct service programming and focusing on what it does best: helping to identify youth needs, convening groups of individuals and organizations which can address those needs, and moving toward collaborative solutions.","Her lower lip (a trifle too narrow for her face, perhaps her only physical flaw) thrust forward slightly as she started to speak.",3.5,3.29,3.13,3.29,3.12,3.43,Text1,Text2,Text1,Text2,Text2,Text2,Text2,Text1,Text2
118CWL050_2436_2656,blog-new-year's-resolutions_5010_5074,"Will you make a financial gift to Big Sisters in 1999 that will ensure that more young people receive the guidance they need, that more young people stay in school, stay off drugs and make good choices?",Self-efficacy did not have a significant effect on goal-setting.,3.0,2.9,3.0,3.0,3.0,3.1,Text1,Text2,Text2,Text2,Text1,Text2,Text2,Text1,Text1
The_Black_Willow_11596_11663,Anti-Terrorist_4031_4279,"Allan crouched over his desk once more, pen in hand and mind blank.","Beyond these two sources, there is virtually no terrorist activity in the world, with the possible exception of localized disputes such as in Northern Ireland and occasional domestic episodes in various places involving isolated disaffected groups.",2.7,2.92,3.0,3.0,2.8,2.91,Text2,Text2,Text2,Text2,Text2,Text2,Text2,Text2,Text1
Nathans_Bylichka_15318_15334,blog-new-year's-resolutions_5010_5074,"“Thanks, Dvorov.",Self-efficacy did not have a significant effect on goal-setting.,3.56,2.9,3.0,3.0,3.22,3.1,Text1,Text1,Text1,Text2,Text1,Text2,Text2,Text1,Text2
Anti-Terrorist_4031_4279,captured_moments_5085_5254,"Beyond these two sources, there is virtually no terrorist activity in the world, with the possible exception of localized disputes such as in Northern Ireland and occasional domestic episodes in various places involving isolated disaffected groups.","Her lower lip (a trifle too narrow for her face, perhaps her only physical flaw) thrust forward slightly as she started to speak.",2.92,3.29,3.0,3.29,2.91,3.43,Text2,Text1,Text2,Text2,Text2,Text2,Text2,Text2,Text2
SemEval_763,Nathans_Bylichka_12551_12560,Secret hotels in Irish countryside,What up?”,2.86,3.11,3.0,3.11,2.86,3.11,Text2,Text2,Text1,Text2,Text1,Text2,Text2,Text2,Text1
hsus4_4933_5015,captured_moments_5085_5254,"REGISTRATION DOES NOT IMPLY ENDORSEMENT, APPROVAL, OR RECOMMENDATION BY THE STATE.","Her lower lip (a trifle too narrow for her face, perhaps her only physical flaw) thrust forward slightly as she started to speak.",2.8,3.29,2.8,3.29,3.1,3.43,Text2,Text2,Text2,Text2,Text2,Text2,Text2,Text2,Text2
hotel-california_33157_33182,Nathans_Bylichka_38817_38837,Our instinct was to hide.,“Didn’t I warn you?”,2.8,2.44,3.1,3.33,2.8,3.33,Text2,Text1,Text1,Text2,Text2,Text2,Text2,Text2,Text2
SemEval_763,Nathans_Bylichka_45926_45965,Secret hotels in Irish countryside,"Isis collapsed on the fur, strings cut.",2.86,2.6,3.0,3.4,2.86,3.1,Text1,Text1,Text2,Text2,Text2,Text2,Text2,Text2,Text2
SemEval_1154,captured_moments_33844_33911,Audio Slide Show: A love story lasting 61 years,"I heard no voices until Malaquez said, ""Enter.""",3.2,2.9,2.9,2.9,3.0,2.9,Text1,Text2,Text1,Text2,Text2,Text2,Text1,Text1,Text1
SemEval_1155,hotel-california_33157_33182,Microsoft to release next generation phone,Our instinct was to hide.,3.36,2.8,3.0,3.1,3.27,2.8,Text1,Text2,Text2,Text2,Text2,Text2,Text1,Text1,Text1
116CUL034_796_978,Nathans_Bylichka_29483_29506,"We have met with a number of successes along the way, most notably the Summer Fun Line, the Metro Summer Bus Pass, and the development of ten neighborhood youth councils.","“Roll up your sleeves,”",3.2,3.0,3.0,3.4,3.5,3.4,Text1,Text1,Text1,Text2,Text2,Text2,Text2,Text1,Text1
detroit_12208_12263,hotel-california_33157_33182,"Did we build sane, sustainable, survival shelter homes?",Our instinct was to hide.,3.1,2.8,3.0,3.1,3.1,2.8,Text1,Text1,Text1,Text2,Text2,Text2,Text1,Text1,Text2
Nathans_Bylichka_45926_45965,Nathans_Bylichka_12551_12560,"Isis collapsed on the fur, strings cut.",What up?”,2.6,3.11,3.4,3.11,3.1,3.11,Text2,Text2,Text2,Text1,Text1,Text1,Text1,Text2,Text2
Ant_Robot_19422_19434,116CUL034_2074_2422,The Behavior,"Since its re-organization, MCCOY has established its unique niche within the community by refraining from direct service programming and focusing on what it does best: helping to identify youth needs, convening groups of individuals and organizations which can address those needs, and moving toward collaborative solutions.",3.0,3.5,2.78,3.13,3.0,3.12,Text2,Text2,Text2,Text2,Text2,Text2,Text2,Text1,Text1
Nathans_Bylichka_45926_45965,602CZL285_86_259,"Isis collapsed on the fur, strings cut.",Pat LaCrosse asked me to send this information inviting you to join the Georgia O'Keeffe Circle of the Indianapolis Museum of Art's Second Century Society (SCS).,2.6,3.5,3.4,3.0,3.1,3.17,Text2,Text2,Text2,Text1,Text1,Text2,Text2,Text2,Text2
Anti-Terrorist_4031_4279,Nathans_Bylichka_15318_15334,"Beyond these two sources, there is virtually no terrorist activity in the world, with the possible exception of localized disputes such as in Northern Ireland and occasional domestic episodes in various places involving isolated disaffected groups.","“Thanks, Dvorov.",2.92,3.56,3.0,3.0,2.91,3.22,Text2,Text2,Text2,Text2,Text2,Text1,Text2,Text2,Text2
The_Black_Willow_11596_11663,hotel-california_25973_25999,"Allan crouched over his desk once more, pen in hand and mind blank.",No one else said anything.,2.7,2.82,3.0,2.55,2.8,3.09,Text1,Text2,Text2,Text1,Text1,Text1,Text2,Text2,Text2
SemEval_763,NYTnewswire7_3260_3393,Secret hotels in Irish countryside,"""We are also taking a real hard look currently at almost all species of shark, though we haven't made a formal statement about that.""",2.86,3.0,3.0,3.0,2.86,3.12,Text2,Text1,Text1,Text1,Text1,Text1,Text2,Text2,Text2
Ant_Robot_19422_19434,118CWL050_2436_2656,The Behavior,"Will you make a financial gift to Big Sisters in 1999 that will ensure that more young people receive the guidance they need, that more young people stay in school, stay off drugs and make good choices?",3.0,3.0,2.78,3.0,3.0,3.0,Text2,Text2,Text2,Text2,Text1,Text1,Text1,Text1,Text1
NYTnewswire4_3018_3182,SemEval_1154,"You're a focal point, and people are looking at you, but it's a team game, and you depend on your team 1,000 times more than that billboard to get you the Heisman.""",Audio Slide Show: A love story lasting 61 years,3.37,3.2,3.63,2.9,3.25,3.0,Text2,Text2,Text1,Text1,Text1,Text1,Text1,Text2,Text1
Ant_Robot_19422_19434,NYTnewswire4_3018_3182,The Behavior,"You're a focal point, and people are looking at you, but it's a team game, and you depend on your team 1,000 times more than that billboard to get you the Heisman.""",3.0,3.37,2.78,3.63,3.0,3.25,Text2,Text1,Text2,Text2,Text2,Text2,Text2,Text2,Text1
blog-new-year's-resolutions_1573_1737,captured_moments_5085_5254,An important premise to note here is the idea that the probability of choosing a goal or making a resolution increases if a person thinks that goal can be attained.,"Her lower lip (a trifle too narrow for her face, perhaps her only physical flaw) thrust forward slightly as she started to speak.",3.1,3.29,3.3,3.29,3.2,3.43,Text2,Text2,Text2,Text1,Text1,Text1,Text2,Text1,Text1
113CWL018_952_1022,Nathans_Bylichka_45926_45965,Your contribution last year of helped us get where we are today.,"Isis collapsed on the fur, strings cut.",3.9,2.6,3.1,3.4,3.4,3.1,Text1,Text1,Text1,Text2,Text1,Text2,Text1,Text1,Text1
blog-new-year's-resolutions_1573_1737,Nathans_Bylichka_29483_29506,An important premise to note here is the idea that the probability of choosing a goal or making a resolution increases if a person thinks that goal can be attained.,"“Roll up your sleeves,”",3.1,3.0,3.3,3.4,3.2,3.4,Text1,Text2,Text2,Text2,Text2,Text1,Text2,Text2,Text2
How_soon-Lebron-James_2193_2304,hotel-california_33157_33182,"I'm no longer the target demographic for most of the products Lebron endorses, but you know what matters to me?",Our instinct was to hide.,2.7,2.8,3.3,3.1,2.9,2.8,Text2,Text2,Text1,Text1,Text1,Text1,Text1,Text2,Text2
116CUL034_2074_2422,hsus4_4933_5015,"Since its re-organization, MCCOY has established its unique niche within the community by refraining from direct service programming and focusing on what it does best: helping to identify youth needs, convening groups of individuals and organizations which can address those needs, and moving toward collaborative solutions.","REGISTRATION DOES NOT IMPLY ENDORSEMENT, APPROVAL, OR RECOMMENDATION BY THE STATE.",3.5,2.8,3.13,2.8,3.12,3.1,Text1,Text1,Text1,Text1,Text1,Text1,Text1,Text2,Text2
Nathans_Bylichka_38817_38837,Nathans_Bylichka_12551_12560,“Didn’t I warn you?”,What up?”,2.44,3.11,3.33,3.11,3.33,3.11,Text2,Text2,Text2,Text1,Text2,Text1,Text2,Text1,Text1
SemEval_1155,SemEval_763,Microsoft to release next generation phone,Secret hotels in Irish countryside,3.36,2.86,3.0,3.0,3.27,2.86,Text1,Text1,Text1,Text2,Text2,Text2,Text1,Text1,Text1
SemEval_763,Anti-Terrorist_4031_4279,Secret hotels in Irish countryside,"Beyond these two sources, there is virtually no terrorist activity in the world, with the possible exception of localized disputes such as in Northern Ireland and occasional domestic episodes in various places involving isolated disaffected groups.",2.86,2.92,3.0,3.0,2.86,2.91,Text2,Text2,Text2,Text2,Text2,Text1,Text2,Text2,Text2
detroit_12208_12263,SemEval_763,"Did we build sane, sustainable, survival shelter homes?",Secret hotels in Irish countryside,3.1,2.86,3.0,3.0,3.1,2.86,Text1,Text2,Text1,Text2,Text2,Text1,Text1,Text1,Text2
Nathans_Bylichka_45926_45965,NYTnewswire4_3018_3182,"Isis collapsed on the fur, strings cut.","You're a focal point, and people are looking at you, but it's a team game, and you depend on your team 1,000 times more than that billboard to get you the Heisman.""",2.6,3.37,3.4,3.63,3.1,3.25,Text2,Text2,Text1,Text2,Text2,Text2,Text2,Text2,Text2
Anti-Terrorist_4031_4279,Uprooted_Farming-on-Sand_3238_3353,"Beyond these two sources, there is virtually no terrorist activity in the world, with the possible exception of localized disputes such as in Northern Ireland and occasional domestic episodes in various places involving isolated disaffected groups.","Provincetown's official population of 3,500 supports a tourism industry that serves millions of visitors each year.",2.92,3.14,3.0,3.0,2.91,3.43,Text2,Text2,Text2,Text2,Text2,Text2,Text2,Text2,Text2
SemEval_597,hotel-california_33157_33182,Stenson defends his title at Dubai,Our instinct was to hide.,3.12,2.8,3.12,3.1,3.12,2.8,Text1,Text1,Text2,Text1,Text1,Text1,Text1,Text1,Text2
Nathans_Bylichka_15318_15334,116CUL034_2074_2422,"“Thanks, Dvorov.","Since its re-organization, MCCOY has established its unique niche within the community by refraining from direct service programming and focusing on what it does best: helping to identify youth needs, convening groups of individuals and organizations which can address those needs, and moving toward collaborative solutions.",3.56,3.5,3.0,3.13,3.22,3.12,Text2,Text2,Text1,Text2,Text2,Text2,Text1,Text1,Text1
116CUL034_796_978,captured_moments_33844_33911,"We have met with a number of successes along the way, most notably the Summer Fun Line, the Metro Summer Bus Pass, and the development of ten neighborhood youth councils.","I heard no voices until Malaquez said, ""Enter.""",3.2,2.9,3.0,2.9,3.5,2.9,Text1,Text1,Text1,Text1,Text1,Text1,Text1,Text1,Text1
hotel-california_25973_25999,SemEval_1154,No one else said anything.,Audio Slide Show: A love story lasting 61 years,2.82,3.2,2.55,2.9,3.09,3.0,Text2,Text2,Text2,Text2,Text2,Text2,Text1,Text2,Text1
Nathans_Bylichka_38817_38837,118CWL050_2436_2656,“Didn’t I warn you?”,"Will you make a financial gift to Big Sisters in 1999 that will ensure that more young people receive the guidance they need, that more young people stay in school, stay off drugs and make good choices?",2.44,3.0,3.33,3.0,3.33,3.0,Text2,Text2,Text2,Text1,Text2,Text1,Text1,Text1,Text2
SemEval_597,116CUL034_2074_2422,Stenson defends his title at Dubai,"Since its re-organization, MCCOY has established its unique niche within the community by refraining from direct service programming and focusing on what it does best: helping to identify youth needs, convening groups of individuals and organizations which can address those needs, and moving toward collaborative solutions.",3.12,3.5,3.12,3.13,3.12,3.12,Text2,Text2,Text2,Text2,Text2,Text1,Text2,Text1,Text1
Nathans_Bylichka_38817_38837,NYTnewswire4_3018_3182,“Didn’t I warn you?”,"You're a focal point, and people are looking at you, but it's a team game, and you depend on your team 1,000 times more than that billboard to get you the Heisman.""",2.44,3.37,3.33,3.63,3.33,3.25,Text2,Text2,Text2,Text2,Text2,Text2,Text1,Text1,Text2
SemEval_597,SemEval_763,Stenson defends his title at Dubai,Secret hotels in Irish countryside,3.12,2.86,3.12,3.0,3.12,2.86,Text1,Text1,Text1,Text1,Text1,Text1,Text1,Text2,Text1
blog-new-year's-resolutions_1573_1737,captured_moments_33844_33911,An important premise to note here is the idea that the probability of choosing a goal or making a resolution increases if a person thinks that goal can be attained.,"I heard no voices until Malaquez said, ""Enter.""",3.1,2.9,3.3,2.9,3.2,2.9,Text1,Text1,Text2,Text1,Text1,Text1,Text1,Text1,Text1
Uprooted_Farming-on-Sand_3238_3353,hotel-california_33157_33182,"Provincetown's official population of 3,500 supports a tourism industry that serves millions of visitors each year.",Our instinct was to hide.,3.14,2.8,3.0,3.1,3.43,2.8,Text1,Text1,Text1,Text2,Text2,Text2,Text1,Text1,Text2
Anti-Terrorist_4031_4279,blog-new-year's-resolutions_5010_5074,"Beyond these two sources, there is virtually no terrorist activity in the world, with the possible exception of localized disputes such as in Northern Ireland and occasional domestic episodes in various places involving isolated disaffected groups.",Self-efficacy did not have a significant effect on goal-setting.,2.92,2.9,3.0,3.0,2.91,3.1,Text1,Text1,Text2,Text2,Text2,Text2,Text2,Text2,Text1
Nathans_Bylichka_45926_45965,Nathans_Bylichka_38817_38837,"Isis collapsed on the fur, strings cut.",“Didn’t I warn you?”,2.6,2.44,3.4,3.33,3.1,3.33,Text1,Text1,Text2,Text1,Text1,Text1,Text2,Text2,Text2
NYTnewswire4_3018_3182,blog-new-year's-resolutions_5010_5074,"You're a focal point, and people are looking at you, but it's a team game, and you depend on your team 1,000 times more than that billboard to get you the Heisman.""",Self-efficacy did not have a significant effect on goal-setting.,3.37,2.9,3.63,3.0,3.25,3.1,Text1,Text1,Text1,Text1,Text1,Text1,Text1,Text1,Text1
Nathans_Bylichka_29483_29506,NYTnewswire4_3018_3182,"“Roll up your sleeves,”","You're a focal point, and people are looking at you, but it's a team game, and you depend on your team 1,000 times more than that billboard to get you the Heisman.""",3.0,3.37,3.4,3.63,3.4,3.25,Text2,Text2,Text2,Text1,Text2,Text1,Text1,Text2,Text1
NYTnewswire7_3260_3393,116CUL034_2074_2422,"""We are also taking a real hard look currently at almost all species of shark, though we haven't made a formal statement about that.""","Since its re-organization, MCCOY has established its unique niche within the community by refraining from direct service programming and focusing on what it does best: helping to identify youth needs, convening groups of individuals and organizations which can address those needs, and moving toward collaborative solutions.",3.0,3.5,3.0,3.13,3.12,3.12,Text2,Text2,Text2,Text2,Text1,Text2,Text2,Text2,Text1
SemEval_1155,The_Black_Willow_11596_11663,Microsoft to release next generation phone,"Allan crouched over his desk once more, pen in hand and mind blank.",3.36,2.7,3.0,3.0,3.27,2.8,Text1,Text2,Text1,Text2,Text1,Text2,Text1,Text1,Text1
Uprooted_Farming-on-Sand_3238_3353,hsus4_4933_5015,"Provincetown's official population of 3,500 supports a tourism industry that serves millions of visitors each year.","REGISTRATION DOES NOT IMPLY ENDORSEMENT, APPROVAL, OR RECOMMENDATION BY THE STATE.",3.14,2.8,3.0,2.8,3.43,3.1,Text1,Text1,Text2,Text1,Text1,Text1,Text1,Text1,Text1
NYTnewswire7_3260_3393,118CWL050_2436_2656,"""We are also taking a real hard look currently at almost all species of shark, though we haven't made a formal statement about that.""","Will you make a financial gift to Big Sisters in 1999 that will ensure that more young people receive the guidance they need, that more young people stay in school, stay off drugs and make good choices?",3.0,3.0,3.0,3.0,3.12,3.0,Text2,Text1,Text1,Text2,Text2,Text1,Text1,Text2,Text1
The_Black_Willow_11596_11663,Nathans_Bylichka_38817_38837,"Allan crouched over his desk once more, pen in hand and mind blank.",“Didn’t I warn you?”,2.7,2.44,3.0,3.33,2.8,3.33,Text2,Text2,Text1,Text2,Text2,Text2,Text2,Text2,Text2
detroit_12208_12263,wsj_2465_4206_4287,"Did we build sane, sustainable, survival shelter homes?",Mr. Barco has refused U.S. troops or advisers but has accepted U.S. military aid.,3.1,3.0,3.0,3.14,3.1,3.14,Text1,Text1,Text1,Text2,Text1,Text1,Text2,Text1,Text1
wsj_2465_4206_4287,602CZL285_86_259,Mr. Barco has refused U.S. troops or advisers but has accepted U.S. military aid.,Pat LaCrosse asked me to send this information inviting you to join the Georgia O'Keeffe Circle of the Indianapolis Museum of Art's Second Century Society (SCS).,3.0,3.5,3.14,3.0,3.14,3.17,Text2,Text1,Text2,Text1,Text1,Text1,Text2,Text2,Text1
Anti-Terrorist_4031_4279,How_soon-Lebron-James_2193_2304,"Beyond these two sources, there is virtually no terrorist activity in the world, with the possible exception of localized disputes such as in Northern Ireland and occasional domestic episodes in various places involving isolated disaffected groups.","I'm no longer the target demographic for most of the products Lebron endorses, but you know what matters to me?",2.92,2.7,3.0,3.3,2.91,2.9,Text1,Text1,Text1,Text2,Text2,Text2,Text1,Text1,Text1
113CWL018_952_1022,Ant_Robot_19422_19434,Your contribution last year of helped us get where we are today.,The Behavior,3.9,3.0,3.1,2.78,3.4,3.0,Text1,Text1,Text1,Text1,Text1,Text1,Text1,Text2,Text1
113CWL018_952_1022,The_Black_Willow_11596_11663,Your contribution last year of helped us get where we are today.,"Allan crouched over his desk once more, pen in hand and mind blank.",3.9,2.7,3.1,3.0,3.4,2.8,Text1,Text1,Text1,Text2,Text1,Text1,Text1,Text1,Text1
113CWL018_952_1022,hotel-california_25973_25999,Your contribution last year of helped us get where we are today.,No one else said anything.,3.9,2.82,3.1,2.55,3.4,3.09,Text2,Text1,Text1,Text1,Text1,Text1,Text1,Text1,Text2
detroit_12208_12263,Nathans_Bylichka_12551_12560,"Did we build sane, sustainable, survival shelter homes?",What up?”,3.1,3.11,3.0,3.11,3.1,3.11,Text1,Text1,Text2,Text2,Text2,Text2,Text2,Text1,Text2
hotel-california_33157_33182,hsus4_4933_5015,Our instinct was to hide.,"REGISTRATION DOES NOT IMPLY ENDORSEMENT, APPROVAL, OR RECOMMENDATION BY THE STATE.",2.8,2.8,3.1,2.8,2.8,3.1,Text2,Text2,Text2,Text2,Text1,Text1,Text1,Text2,Text2
SemEval_763,blog-new-year's-resolutions_5010_5074,Secret hotels in Irish countryside,Self-efficacy did not have a significant effect on goal-setting.,2.86,2.9,3.0,3.0,2.86,3.1,Text2,Text2,Text1,Text2,Text1,Text2,Text2,Text2,Text2
Nathans_Bylichka_12551_12560,blog-new-year's-resolutions_5010_5074,What up?”,Self-efficacy did not have a significant effect on goal-setting.,3.11,2.9,3.11,3.0,3.11,3.1,Text1,Text1,Text2,Text1,Text1,Text2,Text1,Text1,Text2
blog-new-year's-resolutions_1573_1737,blog-new-year's-resolutions_5010_5074,An important premise to note here is the idea that the probability of choosing a goal or making a resolution increases if a person thinks that goal can be attained.,Self-efficacy did not have a significant effect on goal-setting.,3.1,2.9,3.3,3.0,3.2,3.1,Text1,Text2,Text2,Text1,Text1,Text1,Text1,Text1,Text1
hotel-california_25973_25999,captured_moments_5085_5254,No one else said anything.,"Her lower lip (a trifle too narrow for her face, perhaps her only physical flaw) thrust forward slightly as she started to speak.",2.82,3.29,2.55,3.29,3.09,3.43,Text2,Text2,Text2,Text2,Text2,Text2,Text2,Text1,Text2
116CUL034_796_978,blog-new-year's-resolutions_1573_1737,"We have met with a number of successes along the way, most notably the Summer Fun Line, the Metro Summer Bus Pass, and the development of ten neighborhood youth councils.",An important premise to note here is the idea that the probability of choosing a goal or making a resolution increases if a person thinks that goal can be attained.,3.2,3.1,3.0,3.3,3.5,3.2,Text1,Text2,Text1,Text2,Text2,Text2,Text1,Text1,Text1
SemEval_763,detroit_12208_12263,Secret hotels in Irish countryside,"Did we build sane, sustainable, survival shelter homes?",2.86,3.1,3.0,3.0,2.86,3.1,Text2,Text2,Text1,Text2,Text2,Text1,Text2,Text2,Text1
Nathans_Bylichka_29483_29506,SemEval_1154,"“Roll up your sleeves,”",Audio Slide Show: A love story lasting 61 years,3.0,3.2,3.4,2.9,3.4,3.0,Text2,Text2,Text1,Text1,Text1,Text1,Text1,Text1,Text1
Nathans_Bylichka_38817_38837,hotel-california_25973_25999,“Didn’t I warn you?”,No one else said anything.,2.44,2.82,3.33,2.55,3.33,3.09,Text2,Text2,Text2,Text1,Text2,Text1,Text1,Text2,Text2
How_soon-Lebron-James_2193_2304,wsj_2465_4206_4287,"I'm no longer the target demographic for most of the products Lebron endorses, but you know what matters to me?",Mr. Barco has refused U.S. troops or advisers but has accepted U.S. military aid.,2.7,3.0,3.3,3.14,2.9,3.14,Text2,Text2,Text2,Text2,Text1,Text1,Text2,Text2,Text2
Nathans_Bylichka_12551_12560,captured_moments_5085_5254,What up?”,"Her lower lip (a trifle too narrow for her face, perhaps her only physical flaw) thrust forward slightly as she started to speak.",3.11,3.29,3.11,3.29,3.11,3.43,Text2,Text2,Text1,Text1,Text2,Text1,Text2,Text2,Text2
wsj_2465_4206_4287,NYTnewswire4_3018_3182,Mr. Barco has refused U.S. troops or advisers but has accepted U.S. military aid.,"You're a focal point, and people are looking at you, but it's a team game, and you depend on your team 1,000 times more than that billboard to get you the Heisman.""",3.0,3.37,3.14,3.63,3.14,3.25,Text2,Text2,Text2,Text2,Text2,Text2,Text2,Text2,Text2
Ant_Robot_19422_19434,NYTnewswire7_3260_3393,The Behavior,"""We are also taking a real hard look currently at almost all species of shark, though we haven't made a formal statement about that.""",3.0,3.0,2.78,3.0,3.0,3.12,Text2,Text2,Text2,Text2,Text2,Text1,Text2,Text2,Text1
NYTnewswire4_3018_3182,captured_moments_33844_33911,"You're a focal point, and people are looking at you, but it's a team game, and you depend on your team 1,000 times more than that billboard to get you the Heisman.""","I heard no voices until Malaquez said, ""Enter.""",3.37,2.9,3.63,2.9,3.25,2.9,Text1,Text2,Text2,Text1,Text1,Text1,Text1,Text1,Text1
Nathans_Bylichka_45926_45965,blog-new-year's-resolutions_5010_5074,"Isis collapsed on the fur, strings cut.",Self-efficacy did not have a significant effect on goal-setting.,2.6,2.9,3.4,3.0,3.1,3.1,Text2,Text1,Text2,Text1,Text1,Text1,Text2,Text1,Text2
Anti-Terrorist_4031_4279,SemEval_597,"Beyond these two sources, there is virtually no terrorist activity in the world, with the possible exception of localized disputes such as in Northern Ireland and occasional domestic episodes in various places involving isolated disaffected groups.",Stenson defends his title at Dubai,2.92,3.12,3.0,3.12,2.91,3.12,Text2,Text2,Text2,Text2,Text2,Text1,Text2,Text2,Text1
116CUL034_796_978,Nathans_Bylichka_15318_15334,"We have met with a number of successes along the way, most notably the Summer Fun Line, the Metro Summer Bus Pass, and the development of ten neighborhood youth councils.","“Thanks, Dvorov.",3.2,3.56,3.0,3.0,3.5,3.22,Text2,Text2,Text1,Text2,Text2,Text2,Text1,Text1,Text1
SemEval_1155,118CWL050_2436_2656,Microsoft to release next generation phone,"Will you make a financial gift to Big Sisters in 1999 that will ensure that more young people receive the guidance they need, that more young people stay in school, stay off drugs and make good choices?",3.36,3.0,3.0,3.0,3.27,3.0,Text1,Text1,Text2,Text2,Text1,Text1,Text1,Text1,Text1
Nathans_Bylichka_15318_15334,602CZL285_86_259,"“Thanks, Dvorov.",Pat LaCrosse asked me to send this information inviting you to join the Georgia O'Keeffe Circle of the Indianapolis Museum of Art's Second Century Society (SCS).,3.56,3.5,3.0,3.0,3.22,3.17,Text2,Text1,Text2,Text1,Text2,Text2,Text1,Text1,Text1
116CUL034_796_978,hotel-california_33157_33182,"We have met with a number of successes along the way, most notably the Summer Fun Line, the Metro Summer Bus Pass, and the development of ten neighborhood youth councils.",Our instinct was to hide.,3.2,2.8,3.0,3.1,3.5,2.8,Text1,Text2,Text1,Text2,Text2,Text2,Text1,Text1,Text1
Nathans_Bylichka_15318_15334,Nathans_Bylichka_45926_45965,"“Thanks, Dvorov.","Isis collapsed on the fur, strings cut.",3.56,2.6,3.0,3.4,3.22,3.1,Text1,Text1,Text1,Text2,Text2,Text2,Text1,Text1,Text1
Nathans_Bylichka_45926_45965,captured_moments_5085_5254,"Isis collapsed on the fur, strings cut.","Her lower lip (a trifle too narrow for her face, perhaps her only physical flaw) thrust forward slightly as she started to speak.",2.6,3.29,3.4,3.29,3.1,3.43,Text2,Text2,Text2,Text1,Text1,Text1,Text2,Text2,Text2
How_soon-Lebron-James_2193_2304,Nathans_Bylichka_45926_45965,"I'm no longer the target demographic for most of the products Lebron endorses, but you know what matters to me?","Isis collapsed on the fur, strings cut.",2.7,2.6,3.3,3.4,2.9,3.1,Text1,Text1,Text1,Text2,Text1,Text2,Text2,Text1,Text2
SemEval_597,602CZL285_86_259,Stenson defends his title at Dubai,Pat LaCrosse asked me to send this information inviting you to join the Georgia O'Keeffe Circle of the Indianapolis Museum of Art's Second Century Society (SCS).,3.12,3.5,3.12,3.0,3.12,3.17,Text2,Text2,Text2,Text1,Text1,Text1,Text2,Text1,Text1
Nathans_Bylichka_29483_29506,Nathans_Bylichka_12551_12560,"“Roll up your sleeves,”",What up?”,3.0,3.11,3.4,3.11,3.4,3.11,Text2,Text2,Text2,Text1,Text1,Text1,Text1,Text2,Text1
113CWL018_952_1022,Nathans_Bylichka_29483_29506,Your contribution last year of helped us get where we are today.,"“Roll up your sleeves,”",3.9,3.0,3.1,3.4,3.4,3.4,Text1,Text1,Text1,Text2,Text2,Text1,Text2,Text2,Text1
Nathans_Bylichka_29483_29506,602CZL285_86_259,"“Roll up your sleeves,”",Pat LaCrosse asked me to send this information inviting you to join the Georgia O'Keeffe Circle of the Indianapolis Museum of Art's Second Century Society (SCS).,3.0,3.5,3.4,3.0,3.4,3.17,Text2,Text2,Text1,Text1,Text1,Text1,Text2,Text1,Text1
NYTnewswire7_3260_3393,wsj_2465_4206_4287,"""We are also taking a real hard look currently at almost all species of shark, though we haven't made a formal statement about that.""",Mr. Barco has refused U.S. troops or advisers but has accepted U.S. military aid.,3.0,3.0,3.0,3.14,3.12,3.14,Text2,Text2,Text1,Text2,Text1,Text1,Text2,Text2,Text2
The_Black_Willow_11596_11663,captured_moments_5085_5254,"Allan crouched over his desk once more, pen in hand and mind blank.","Her lower lip (a trifle too narrow for her face, perhaps her only physical flaw) thrust forward slightly as she started to speak.",2.7,3.29,3.0,3.29,2.8,3.43,Text2,Text2,Text2,Text2,Text2,Text2,Text2,Text2,Text2
hotel-california_25973_25999,captured_moments_33844_33911,No one else said anything.,"I heard no voices until Malaquez said, ""Enter.""",2.82,2.9,2.55,2.9,3.09,2.9,Text2,Text1,Text2,Text2,Text2,Text2,Text1,Text1,Text1
wsj_2465_4206_4287,SemEval_1154,Mr. Barco has refused U.S. troops or advisers but has accepted U.S. military aid.,Audio Slide Show: A love story lasting 61 years,3.0,3.2,3.14,2.9,3.14,3.0,Text2,Text2,Text2,Text1,Text1,Text1,Text1,Text1,Text2
602CZL285_86_259,hotel-california_25973_25999,Pat LaCrosse asked me to send this information inviting you to join the Georgia O'Keeffe Circle of the Indianapolis Museum of Art's Second Century Society (SCS).,No one else said anything.,3.5,2.82,3.0,2.55,3.17,3.09,Text2,Text1,Text1,Text1,Text1,Text1,Text1,Text1,Text1
Ant_Robot_19422_19434,Nathans_Bylichka_38817_38837,The Behavior,“Didn’t I warn you?”,3.0,2.44,2.78,3.33,3.0,3.33,Text1,Text1,Text1,Text2,Text2,Text1,Text2,Text2,Text2
Nathans_Bylichka_15318_15334,NYTnewswire7_3260_3393,"“Thanks, Dvorov.","""We are also taking a real hard look currently at almost all species of shark, though we haven't made a formal statement about that.""",3.56,3.0,3.0,3.0,3.22,3.12,Text1,Text1,Text2,Text2,Text2,Text1,Text1,Text2,Text1
How_soon-Lebron-James_2193_2304,NYTnewswire4_3018_3182,"I'm no longer the target demographic for most of the products Lebron endorses, but you know what matters to me?","You're a focal point, and people are looking at you, but it's a team game, and you depend on your team 1,000 times more than that billboard to get you the Heisman.""",2.7,3.37,3.3,3.63,2.9,3.25,Text2,Text2,Text2,Text2,Text1,Text1,Text2,Text2,Text2
SemEval_597,118CWL050_2436_2656,Stenson defends his title at Dubai,"Will you make a financial gift to Big Sisters in 1999 that will ensure that more young people receive the guidance they need, that more young people stay in school, stay off drugs and make good choices?",3.12,3.0,3.12,3.0,3.12,3.0,Text1,Text1,Text1,Text1,Text2,Text1,Text2,Text1,Text1
NYTnewswire7_3260_3393,602CZL285_86_259,"""We are also taking a real hard look currently at almost all species of shark, though we haven't made a formal statement about that.""",Pat LaCrosse asked me to send this information inviting you to join the Georgia O'Keeffe Circle of the Indianapolis Museum of Art's Second Century Society (SCS).,3.0,3.5,3.0,3.0,3.12,3.17,Text2,Text2,Text2,Text2,Text2,Text1,Text2,Text2,Text1
hotel-california_25973_25999,hsus4_4933_5015,No one else said anything.,"REGISTRATION DOES NOT IMPLY ENDORSEMENT, APPROVAL, OR RECOMMENDATION BY THE STATE.",2.82,2.8,2.55,2.8,3.09,3.1,Text1,Text2,Text2,Text2,Text1,Text2,Text2,Text2,Text1
detroit_12208_12263,SemEval_1154,"Did we build sane, sustainable, survival shelter homes?",Audio Slide Show: A love story lasting 61 years,3.1,3.2,3.0,2.9,3.1,3.0,Text2,Text1,Text2,Text1,Text2,Text1,Text2,Text1,Text1
Uprooted_Farming-on-Sand_3238_3353,Nathans_Bylichka_12551_12560,"Provincetown's official population of 3,500 supports a tourism industry that serves millions of visitors each year.",What up?”,3.14,3.11,3.0,3.11,3.43,3.11,Text1,Text1,Text1,Text2,Text2,Text1,Text1,Text1,Text1
SemEval_1155,Nathans_Bylichka_38817_38837,Microsoft to release next generation phone,“Didn’t I warn you?”,3.36,2.44,3.0,3.33,3.27,3.33,Text1,Text1,Text1,Text2,Text1,Text1,Text2,Text1,Text2
Nathans_Bylichka_12551_12560,hsus4_4933_5015,What up?”,"REGISTRATION DOES NOT IMPLY ENDORSEMENT, APPROVAL, OR RECOMMENDATION BY THE STATE.",3.11,2.8,3.11,2.8,3.11,3.1,Text1,Text1,Text1,Text1,Text1,Text1,Text1,Text1,Text1
Nathans_Bylichka_45926_45965,captured_moments_33844_33911,"Isis collapsed on the fur, strings cut.","I heard no voices until Malaquez said, ""Enter.""",2.6,2.9,3.4,2.9,3.1,2.9,Text2,Text2,Text2,Text1,Text1,Text1,Text2,Text2,Text2
wsj_2465_4206_4287,hotel-california_25973_25999,Mr. Barco has refused U.S. troops or advisers but has accepted U.S. military aid.,No one else said anything.,3.0,2.82,3.14,2.55,3.14,3.09,Text1,Text1,Text1,Text1,Text1,Text1,Text1,Text1,Text2
The_Black_Willow_11596_11663,hotel-california_33157_33182,"Allan crouched over his desk once more, pen in hand and mind blank.",Our instinct was to hide.,2.7,2.8,3.0,3.1,2.8,2.8,Text2,Text2,Text2,Text2,Text2,Text2,Text2,Text2,Text1
Nathans_Bylichka_15318_15334,SemEval_1154,"“Thanks, Dvorov.",Audio Slide Show: A love story lasting 61 years,3.56,3.2,3.0,2.9,3.22,3.0,Text1,Text1,Text1,Text1,Text1,Text1,Text1,Text1,Text1
113CWL018_952_1022,captured_moments_33844_33911,Your contribution last year of helped us get where we are today.,"I heard no voices until Malaquez said, ""Enter.""",3.9,2.9,3.1,2.9,3.4,2.9,Text1,Text1,Text1,Text1,Text1,Text1,Text1,Text1,Text1
SemEval_1155,hotel-california_25973_25999,Microsoft to release next generation phone,No one else said anything.,3.36,2.82,3.0,2.55,3.27,3.09,Text1,Text1,Text1,Text1,Text1,Text1,Text1,Text1,Text1
Nathans_Bylichka_45926_45965,hsus4_4933_5015,"Isis collapsed on the fur, strings cut.","REGISTRATION DOES NOT IMPLY ENDORSEMENT, APPROVAL, OR RECOMMENDATION BY THE STATE.",2.6,2.8,3.4,2.8,3.1,3.1,Text2,Text1,Text2,Text1,Text1,Text2,Text1,Text2,Text1
How_soon-Lebron-James_2193_2304,SemEval_1154,"I'm no longer the target demographic for most of the products Lebron endorses, but you know what matters to me?",Audio Slide Show: A love story lasting 61 years,2.7,3.2,3.3,2.9,2.9,3.0,Text2,Text2,Text2,Text1,Text1,Text2,Text2,Text1,Text2
Uprooted_Farming-on-Sand_3238_3353,NYTnewswire4_3018_3182,"Provincetown's official population of 3,500 supports a tourism industry that serves millions of visitors each year.","You're a focal point, and people are looking at you, but it's a team game, and you depend on your team 1,000 times more than that billboard to get you the Heisman.""",3.14,3.37,3.0,3.63,3.43,3.25,Text2,Text2,Text2,Text2,Text2,Text2,Text1,Text2,Text2
SemEval_597,SemEval_1154,Stenson defends his title at Dubai,Audio Slide Show: A love story lasting 61 years,3.12,3.2,3.12,2.9,3.12,3.0,Text1,Text2,Text2,Text2,Text2,Text1,Text1,Text1,Text1
116CUL034_2074_2422,Nathans_Bylichka_12551_12560,"Since its re-organization, MCCOY has established its unique niche within the community by refraining from direct service programming and focusing on what it does best: helping to identify youth needs, convening groups of individuals and organizations which can address those needs, and moving toward collaborative solutions.",What up?”,3.5,3.11,3.13,3.11,3.12,3.11,Text2,Text1,Text1,Text1,Text2,Text1,Text1,Text1,Text1
Anti-Terrorist_4031_4279,wsj_2465_4206_4287,"Beyond these two sources, there is virtually no terrorist activity in the world, with the possible exception of localized disputes such as in Northern Ireland and occasional domestic episodes in various places involving isolated disaffected groups.",Mr. Barco has refused U.S. troops or advisers but has accepted U.S. military aid.,2.92,3.0,3.0,3.14,2.91,3.14,Text2,Text2,Text2,Text1,Text1,Text2,Text2,Text2,Text2
116CUL034_2074_2422,602CZL285_86_259,"Since its re-organization, MCCOY has established its unique niche within the community by refraining from direct service programming and focusing on what it does best: helping to identify youth needs, convening groups of individuals and organizations which can address those needs, and moving toward collaborative solutions.",Pat LaCrosse asked me to send this information inviting you to join the Georgia O'Keeffe Circle of the Indianapolis Museum of Art's Second Century Society (SCS).,3.5,3.5,3.13,3.0,3.12,3.17,Text2,Text1,Text2,Text1,Text1,Text2,Text2,Text2,Text2
The_Black_Willow_11596_11663,hsus4_4933_5015,"Allan crouched over his desk once more, pen in hand and mind blank.","REGISTRATION DOES NOT IMPLY ENDORSEMENT, APPROVAL, OR RECOMMENDATION BY THE STATE.",2.7,2.8,3.0,2.8,2.8,3.1,Text2,Text2,Text2,Text1,Text1,Text2,Text2,Text2,Text2
Nathans_Bylichka_15318_15334,Uprooted_Farming-on-Sand_3238_3353,"“Thanks, Dvorov.","Provincetown's official population of 3,500 supports a tourism industry that serves millions of visitors each year.",3.56,3.14,3.0,3.0,3.22,3.43,Text1,Text1,Text1,Text2,Text1,Text2,Text2,Text1,Text2
118CWL050_2436_2656,Nathans_Bylichka_12551_12560,"Will you make a financial gift to Big Sisters in 1999 that will ensure that more young people receive the guidance they need, that more young people stay in school, stay off drugs and make good choices?",What up?”,3.0,3.11,3.0,3.11,3.0,3.11,Text2,Text2,Text2,Text2,Text2,Text2,Text2,Text2,Text2
Nathans_Bylichka_15318_15334,hotel-california_25973_25999,"“Thanks, Dvorov.",No one else said anything.,3.56,2.82,3.0,2.55,3.22,3.09,Text1,Text1,Text1,Text1,Text1,Text2,Text1,Text2,Text1
Anti-Terrorist_4031_4279,Nathans_Bylichka_12551_12560,"Beyond these two sources, there is virtually no terrorist activity in the world, with the possible exception of localized disputes such as in Northern Ireland and occasional domestic episodes in various places involving isolated disaffected groups.",What up?”,2.92,3.11,3.0,3.11,2.91,3.11,Text2,Text2,Text2,Text2,Text2,Text1,Text2,Text2,Text1
How_soon-Lebron-James_2193_2304,Uprooted_Farming-on-Sand_3238_3353,"I'm no longer the target demographic for most of the products Lebron endorses, but you know what matters to me?","Provincetown's official population of 3,500 supports a tourism industry that serves millions of visitors each year.",2.7,3.14,3.3,3.0,2.9,3.43,Text2,Text2,Text2,Text1,Text1,Text1,Text2,Text2,Text1
Ant_Robot_19422_19434,captured_moments_5085_5254,The Behavior,"Her lower lip (a trifle too narrow for her face, perhaps her only physical flaw) thrust forward slightly as she started to speak.",3.0,3.29,2.78,3.29,3.0,3.43,Text2,Text2,Text2,Text2,Text2,Text2,Text2,Text2,Text2
wsj_2465_4206_4287,Nathans_Bylichka_29483_29506,Mr. Barco has refused U.S. troops or advisers but has accepted U.S. military aid.,"“Roll up your sleeves,”",3.0,3.0,3.14,3.4,3.14,3.4,Text2,Text1,Text1,Text1,Text2,Text2,Text2,Text2,Text1
NYTnewswire7_3260_3393,SemEval_1154,"""We are also taking a real hard look currently at almost all species of shark, though we haven't made a formal statement about that.""",Audio Slide Show: A love story lasting 61 years,3.0,3.2,3.0,2.9,3.12,3.0,Text2,Text2,Text1,Text1,Text1,Text2,Text1,Text1,Text1
detroit_12208_12263,blog-new-year's-resolutions_5010_5074,"Did we build sane, sustainable, survival shelter homes?",Self-efficacy did not have a significant effect on goal-setting.,3.1,2.9,3.0,3.0,3.1,3.1,Text1,Text1,Text1,Text2,Text2,Text1,Text1,Text2,Text1
Nathans_Bylichka_29483_29506,Uprooted_Farming-on-Sand_3238_3353,"“Roll up your sleeves,”","Provincetown's official population of 3,500 supports a tourism industry that serves millions of visitors each year.",3.0,3.14,3.4,3.0,3.4,3.43,Text2,Text2,Text1,Text1,Text1,Text1,Text2,Text2,Text2
113CWL018_952_1022,blog-new-year's-resolutions_5010_5074,Your contribution last year of helped us get where we are today.,Self-efficacy did not have a significant effect on goal-setting.,3.9,2.9,3.1,3.0,3.4,3.1,Text1,Text1,Text1,Text1,Text1,Text1,Text1,Text1,Text1
116CUL034_796_978,Nathans_Bylichka_12551_12560,"We have met with a number of successes along the way, most notably the Summer Fun Line, the Metro Summer Bus Pass, and the development of ten neighborhood youth councils.",What up?”,3.2,3.11,3.0,3.11,3.5,3.11,Text1,Text1,Text1,Text2,Text1,Text2,Text1,Text1,Text1
detroit_12208_12263,Nathans_Bylichka_29483_29506,"Did we build sane, sustainable, survival shelter homes?","“Roll up your sleeves,”",3.1,3.0,3.0,3.4,3.1,3.4,Text1,Text2,Text1,Text2,Text2,Text1,Text2,Text2,Text1
Uprooted_Farming-on-Sand_3238_3353,SemEval_1154,"Provincetown's official population of 3,500 supports a tourism industry that serves millions of visitors each year.",Audio Slide Show: A love story lasting 61 years,3.14,3.2,3.0,2.9,3.43,3.0,Text1,Text1,Text2,Text1,Text1,Text2,Text1,Text1,Text1
113CWL018_952_1022,detroit_12208_12263,Your contribution last year of helped us get where we are today.,"Did we build sane, sustainable, survival shelter homes?",3.9,3.1,3.1,3.0,3.4,3.1,Text1,Text1,Text1,Text1,Text1,Text1,Text1,Text1,Text2
